{"burtstanton":12135.63999952434,"mrkrandall":153.18999999993318}