{"burtstanton":2755.3950000369337,"mrkrandall":153.18999999993318}